[
    {
        "type": "store",
        "relations": {
            "owner": {},
            "creator": {},
            "editor": {
                "type": "anyOf",
                "rules": [
                    {
                        "type": "userset",
                        "relation": "owner"
                    }
                ]
            },
            "viewer": {
                "type": "anyOf",
                "rules": [
                    {
                        "type": "userset",
                        "relation": "editor"
                    }
                ]
            }
        }
    },
    {
        "type": "item",
        "relations": {
            "parent": {},
            "creator": {},
            "editor": {
                "type": "anyOf",
                "rules": [
                    {
                        "type": "objectUserset",
                        "relation": "parent",
                        "userset": {
                            "type": "userset",
                            "relation": "editor"
                        }
                    }
                ]
            },
            "viewer": {
                "type": "anyOf",
                "rules": [
                    {
                        "type": "userset",
                        "relation": "editor"
                    }
                ]
            }
        }
    }
]
